{
    "available_space": true,
    "id": "o",
    "size_max": 17.676291465759277,
    "size_mean": 7.870673835277557,
    "size_min": 1.7473516464233398,
    "total_size": 251.86156272888184
}