{
    "available_space": true,
    "size_max": 17.676291465759277,
    "size_mean": 7.870673835277557,
    "size_min": 1.7473516464233398,
    "total_size": 251.86156272888184,
    "video_list": {
        "O me voy o te vas -Los Hermanos Vega Jr-nM9JiuYRD98.mp4": {
            "size": 16.518668174743652
        },
        "O, Neure Erri - Skalariak-Gzo0hBOFpRA.mp4": {
            "size": 5.844869613647461
        },
        "ORACION PATERNAL Los Hermanos Vega-vBYNh_KLCn4.mp4": {
            "size": 9.50065803527832
        },
        "Oasis - Wonderwall  (Official Video)-6hzrDeceEKc.mp4": {
            "size": 10.592942237854004
        },
        "Ocean Rain-p_AsT8Ney4A.mp4": {
            "size": 9.960997581481934
        },
        "Ocean-RaK7YtF3Erc.mp4": {
            "size": 4.2258806228637695
        },
        "Oda A La Carretera-EXDPGyHjFP8.mp4": {
            "size": 5.102224349975586
        },
        "Oh Baby Babe-bI8wmdk2emQ.mp4": {
            "size": 2.413145065307617
        },
        "Oh Lonesome Me ~ Don Gibson (1957)-YqZjeubkfe8.mp4": {
            "size": 7.528803825378418
        },
        "Oh, qu\u00e9 raro soy-46Phx2_ai6o.mp4": {
            "size": 3.2742996215820312
        },
        "Ojala SilVio RodrigueZ-e7aSHFPcu_E.mp4": {
            "size": 4.301146507263184
        },
        "Old Mary-w9M4kmzJzQY.mp4": {
            "size": 4.26698112487793
        },
        "One Double One Oh! [Instrumental Version] _ Dick Dale & His Del-Tones-FP8QGZ2mH4A.mp4": {
            "size": 2.7435684204101562
        },
        "One Hundred Years-V7kIB8HTE3k.mp4": {
            "size": 8.911809921264648
        },
        "Only In Dreams-ha3QivnjbIU.mp4": {
            "size": 7.195640563964844
        },
        "Orange Juice -  Rip It Up (Official Video)-UzPh89tD5pA.mp4": {
            "size": 17.676291465759277
        },
        "Orquesta La Masacre - Dolor Esquina Miseria-YYGd2qamxCs.mp4": {
            "size": 11.917618751525879
        },
        "Osama Bin Laden (La Cumbia)-EFQ85J8J5J4.mp4": {
            "size": 2.9810218811035156
        },
        "Oscu - Money (Official Video)-0UgoLFvryBY.mp4": {
            "size": 8.946539878845215
        },
        "Otro Militar-VK8Fkw1AwUI.mp4": {
            "size": 1.7473516464233398
        },
        "Otro Ocupa Mi Lugar-za5c3kya6sY.mp4": {
            "size": 6.6355180740356445
        },
        "Out Of Mind-xa8pdFuJ9Uc.mp4": {
            "size": 4.680954933166504
        },
        "Out Of This World (Unreleased 2000)-8m5c_LiUNN8.mp4": {
            "size": 8.540506362915039
        },
        "Ovejas Negras - Morena (Video Oficial)-qpnaDcFT_0Y.mp4": {
            "size": 14.87932300567627
        },
        "Over Now-Id3h3eRiuOs.mp4": {
            "size": 17.487330436706543
        },
        "Over The Rainbow ~ Jay White  (1958)-K_wgsZTVSdQ.mp4": {
            "size": 5.629228591918945
        },
        "Ovi x Myke Towers x \u00d1engo Flow x Aleman - Las Leyendas Nunca Mueren [Official Video]-EpTw88ISIYU.mp4": {
            "size": 13.566529273986816
        },
        "Owen Gray - Give Me A Little Sign (Subt\u00edtulos Espa\u00f1ol)-Kjw_F9CYRhI.mp4": {
            "size": 7.857898712158203
        },
        "Oxidised Razor  Night Stalker (R.R.) (Album Carne...Sangre...)-_2PkSNhIe_A.mp4": {
            "size": 4.730302810668945
        },
        "Oxidised Razor Masticator-EHAJ28xP6zM.mp4": {
            "size": 5.2108659744262695
        },
        "Oxidised Razor-Hidrocefalo Esofagico-AenVmZFwJDo.mp4": {
            "size": 11.347418785095215
        },
        "oxidised razor pus excrector-pegA0xg2aU8.mp4": {
            "size": 5.64522647857666
        }
    }
}